{"AT": [47.2000338, 13.199959], "BE": [50.6407351, 4.66696], "BG": [42.6073975, 25.4856617], "CY": [34.9823018, 33.1451285], "CZ": [49.8167003, 15.4749544], "DE": [51.0834196, 10.4234469], "DK": [55.670249, 10.3333283], "EE": [58.7523778, 25.3319078], "GR": [38.9953683, 21.9877132], "ES": [40.0028028, -4.003104], "FI": [63.2467777, 25.9209164], "FR": [46.603354, 1.8883335], "HR": [45.5643442, 17.0118954], "HU": [47.1817585, 19.5060937], "IE": [52.865196, -7.9794599], "IS": [51.38660965, 0.547714867236488], "IT": [42.6384261, 12.674297], "LT": [55.3500003, 23.7499997], "LU": [49.963667, 5.43991862540759], "LV": [56.8406494, 24.7537645], "MT": [35.8885993, 14.4476911], "NL": [52.2379891, 5.53460738161551], "NO": [64.5731537, 11.5280364395482], "PL": [52.0977181, 19.0258159], "PT": [40.033265, -7.8896263], "RO": [45.9852129, 24.6859225], "SE": [59.6749712, 14.5208584], "SI": [45.8133113, 14.4808369], "SK": [48.7411522, 19.4528646], "TR": [38.9597594, 34.9249653], "GB": [25.2232283, 55.1594933008754], "CH": [46.7985624, 8.2319736]}