{"NE": [46.9895828, 6.7792641], "TG": [47.5859649, 9.1428769], "FR": [46.6789116, 7.1027113], "GL": [47.0422116, 9.0674041], "TI": [46.3356506, 8.753706], "BL": [47.5092938, 7.6588333], "SO": [47.2081355, 7.5384045], "UR": [46.7864413, 8.6420159], "OW": [46.8613857, 8.2067825], "AR": [47.3260076, 9.2705839], "SZ": [47.0211848, 8.6535598], "ZH": [47.3723957, 8.6423216], "GR": [46.6960615, 9.6027351], "AG": [47.412396, 8.1948321], "ZG": [47.1679898, 8.5173652], "GE": [46.2017559, 6.1466014], "VD": [46.6356963, 6.5320717], "SH": [47.6960491, 8.634513], "VS": [46.2303063, 7.6605757], "AI": [47.3007262, 9.3991527], "LU": [47.0505452, 8.3054682], "SG": [47.150593, 9.2965878], "BE": [46.83596055, 7.60437827372726], "JU": [47.3833625, 7.1832857263549], "BS": [47.5579097, 7.5927728], "NW": [46.8956214, 8.40413752725844]}