{"NO": [64.5731537, 11.5280364395482], "PL": [52.0977181, 19.0258159], "EE": [58.7523778, 25.3319078], "NL": [52.2379891, 5.53460738161551], "TR": [38.9597594, 34.9249653], "PT": [40.033265, -7.8896263], "LU": [49.563667, 6.03991862540759], "DE": [51.0834196, 10.4234469], "IS": [65.08660965, -17.547714867236488], "BG": [42.6073975, 25.4856617], "GB": [52.2232283, -1.1594933008754], "HR": [45.5643442, 17.0118954], "RO": [45.9852129, 24.6859225], "FI": [63.2467777, 25.9209164], "HU": [47.1817585, 19.5060937], "ES": [40.0028028, -4.003104], "SE": [59.6749712, 14.5208584], "BE": [50.6407351, 4.66696], "MT": [35.8885993, 14.4476911], "CY": [34.9823018, 33.1451285], "CZ": [49.8167003, 15.4749544], "SI": [45.8133113, 14.4808369], "IE": [52.865196, -7.9794599], "IT": [42.6384261, 12.674297], "SK": [48.7411522, 19.4528646], "LV": [56.8406494, 24.7537645], "DK": [55.670249, 10.3333283], "FR": [46.603354, 1.8883335], "LT": [55.3500003, 23.7499997], "AT": [47.2000338, 13.199959]}
